{"display":{"firstperson_lefthand":{"rotation":[-180,44,-180],"scale":[0.32031,0.32031,0.32031],"translation":[1.5,0.75,0]},"firstperson_righthand":{"rotation":[-180,44,-180],"scale":[0.32031,0.32031,0.32031],"translation":[1.5,0.75,0]},"fixed":{"rotation":[-90,0,0],"scale":[2.27149,2.27149,2.27149],"translation":[0,-0.5,-17.75]},"ground":{"scale":[0.375,0.375,0.375],"translation":[0,1.5,0]},"gui":{"rotation":[180,-38.25,180],"scale":[0.56836,0.56836,0.56836],"translation":[0,-1.5,0]},"head":{"scale":[0.78711,0.78711,0.78711],"translation":[0,13.25,-0.5]},"thirdperson_lefthand":{"rotation":[67.75,20.75,-0.01],"scale":[0.29297,0.29297,0.29297],"translation":[0,2.5,-0.75]},"thirdperson_righthand":{"rotation":[67.75,20.75,-0.01],"scale":[0.29297,0.29297,0.29297],"translation":[0,2.5,-0.75]}},"elements":[{"faces":{"down":{"texture":"#3","tintindex":0,"uv":[4.5,0.25,4.625,3.625]},"east":{"texture":"#3","tintindex":0,"uv":[4.625,0.125,4.75,0.25]},"north":{"texture":"#3","tintindex":0,"uv":[4.5,0.25,4.625,3.625]},"south":{"texture":"#3","tintindex":0,"uv":[4.5,0.25,4.625,3.625]},"up":{"texture":"#3","tintindex":0,"uv":[4.5,0.25,4.625,3.625]},"west":{"texture":"#3","tintindex":0,"uv":[4.625,0.125,4.75,0.25]}},"from":[1.5,11.75,14.5],"rotation":{"angle":0,"axis":"x","origin":[8,12.25,15]},"to":[14.5,12.75,15.5]},{"faces":{"down":{"texture":"#3","tintindex":0,"uv":[4.5,0.25,4.625,3.625]},"east":{"texture":"#3","tintindex":0,"uv":[4.625,0.125,4.75,0.25]},"north":{"texture":"#3","tintindex":0,"uv":[4.5,0.25,4.625,3.625]},"south":{"texture":"#3","tintindex":0,"uv":[4.5,0.25,4.625,3.625]},"up":{"texture":"#3","tintindex":0,"uv":[4.5,0.25,4.625,3.625]},"west":{"texture":"#3","tintindex":0,"uv":[4.625,0.125,4.75,0.25]}},"from":[2.5,17.01037,17.33745],"rotation":{"angle":22.5,"axis":"x","origin":[8.5,19.51037,18.08745]},"to":[13.5,18.01037,17.83745]},{"faces":{"down":{"texture":"#3","tintindex":0,"uv":[4.5,0.25,4.625,3.625]},"north":{"texture":"#3","tintindex":0,"uv":[4.5,0.25,4.625,3.625]},"south":{"texture":"#3","tintindex":0,"uv":[4.5,0.25,4.625,3.625]},"up":{"texture":"#3","tintindex":0,"uv":[4.5,0.25,4.625,3.625]}},"from":[1.5,1,0.25],"rotation":{"angle":0,"axis":"y","origin":[0,1,0.25]},"to":[14.5,1.75,1]},{"faces":{"east":{"texture":"#3","tintindex":0,"uv":[4.5,0.25,4.625,3.625]},"north":{"texture":"#3","tintindex":0,"uv":[4.625,0.25,5.125,3.625]},"south":{"texture":"#3","tintindex":0,"uv":[4.625,0.25,5.125,3.625]},"up":{"texture":"#3","tintindex":0,"uv":[4.625,0.125,5.125,0.25]},"west":{"texture":"#3","tintindex":0,"uv":[4.5,0.25,4.625,3.625]}},"from":[2,7.62816,11.12226],"rotation":{"angle":22.5,"axis":"x","origin":[8,7.95316,3.12226]},"to":[4,24.62816,11.87226]},{"faces":{"east":{"texture":"#3","tintindex":0,"uv":[4.5,0.25,4.625,3.625]},"north":{"texture":"#3","tintindex":0,"uv":[5.125,0.375,5.625,3.75]},"south":{"texture":"#3","tintindex":0,"uv":[5.125,0.375,5.625,3.75]},"up":{"texture":"#3","tintindex":0,"uv":[4.625,0.125,5.125,0.25]},"west":{"texture":"#3","tintindex":0,"uv":[4.5,0.25,4.625,3.625]}},"from":[4.5,7.62816,11.12226],"rotation":{"angle":22.5,"axis":"x","origin":[8,7.95316,3.12226]},"to":[6.5,25.62816,11.87226]},{"faces":{"east":{"texture":"#3","tintindex":0,"uv":[4.5,0.25,4.625,3.625]},"north":{"texture":"#3","tintindex":0,"uv":[5.625,0.375,6.125,3.75]},"south":{"texture":"#3","tintindex":0,"uv":[5.625,0.375,6.125,3.75]},"up":{"texture":"#3","tintindex":0,"uv":[4.625,0.125,5.125,0.25]},"west":{"texture":"#3","tintindex":0,"uv":[4.5,0.25,4.625,3.625]}},"from":[7,7.62816,11.12226],"rotation":{"angle":22.5,"axis":"x","origin":[8,7.95316,3.12226]},"to":[9,26.62816,11.87226]},{"faces":{"east":{"texture":"#3","tintindex":0,"uv":[4.5,0.25,4.625,3.625]},"north":{"texture":"#3","tintindex":0,"uv":[4.625,0.25,5.125,3.625]},"south":{"texture":"#3","tintindex":0,"uv":[4.625,0.25,5.125,3.625]},"up":{"texture":"#3","tintindex":0,"uv":[4.625,0.125,5.125,0.25]},"west":{"texture":"#3","tintindex":0,"uv":[4.5,0.25,4.625,3.625]}},"from":[9.5,7.62816,11.12226],"rotation":{"angle":22.5,"axis":"x","origin":[8,7.95316,3.12226]},"to":[11.5,25.62816,11.87226]},{"faces":{"east":{"texture":"#3","tintindex":0,"uv":[4.5,0.25,4.625,3.625]},"north":{"texture":"#3","tintindex":0,"uv":[5.125,0.25,5.625,3.625]},"south":{"texture":"#3","tintindex":0,"uv":[5.125,0.25,5.625,3.625]},"up":{"texture":"#3","tintindex":0,"uv":[4.625,0.125,5.125,0.25]},"west":{"texture":"#3","tintindex":0,"uv":[4.5,0.25,4.625,3.625]}},"from":[12,7.62816,11.12226],"rotation":{"angle":22.5,"axis":"x","origin":[8,7.95316,3.12226]},"to":[14,24.62816,11.87226]},{"faces":{"down":{"rotation":90,"texture":"#3","tintindex":0,"uv":[4.625,0.25,5.125,3.625]},"north":{"texture":"#3","tintindex":0,"uv":[4.5,0.25,4.625,3.625]},"south":{"texture":"#3","tintindex":0,"uv":[4.5,0.25,4.625,3.625]},"up":{"rotation":90,"texture":"#3","tintindex":0,"uv":[4.625,0.25,5.125,3.625]}},"from":[1.5,7.62816,9.12226],"rotation":{"angle":22.5,"axis":"x","origin":[8,7.95316,3.12226]},"to":[14.5,8.37816,10.87226]},{"faces":{"down":{"rotation":90,"texture":"#3","tintindex":0,"uv":[5.625,0.375,6.125,3.75]},"north":{"texture":"#3","tintindex":0,"uv":[4.5,0.25,4.625,3.625]},"south":{"texture":"#3","tintindex":0,"uv":[4.5,0.25,4.625,3.625]},"up":{"rotation":90,"texture":"#3","tintindex":0,"uv":[5.625,0.375,6.125,3.75]}},"from":[1.5,7.62816,4.62226],"rotation":{"angle":22.5,"axis":"x","origin":[8,7.95316,3.12226]},"to":[14.5,8.37816,6.37226]},{"faces":{"down":{"rotation":90,"texture":"#3","tintindex":0,"uv":[4.625,0.25,5.125,3.625]},"east":{"texture":"#3","tintindex":0,"uv":[4.625,0.125,5.125,0.25]},"north":{"texture":"#3","tintindex":0,"uv":[4.5,0.25,4.625,3.625]},"south":{"texture":"#3","tintindex":0,"uv":[4.5,0.25,4.625,3.625]},"up":{"rotation":90,"texture":"#3","tintindex":0,"uv":[4.625,0.25,5.125,3.625]},"west":{"texture":"#3","tintindex":0,"uv":[4.625,0.125,5.125,0.25]}},"from":[1.5,7.33603,2.33404],"rotation":{"angle":0,"axis":"x","origin":[8,7.83603,3.20904]},"to":[14.5,8.08603,4.08404]},{"faces":{"down":{"rotation":90,"texture":"#3","tintindex":0,"uv":[5.125,0.375,5.625,3.75]},"east":{"texture":"#3","tintindex":0,"uv":[4.625,0.125,5.125,0.25]},"north":{"texture":"#3","tintindex":0,"uv":[4.5,0.25,4.625,3.625]},"south":{"texture":"#3","tintindex":0,"uv":[4.5,0.25,4.625,3.625]},"up":{"rotation":90,"texture":"#3","tintindex":0,"uv":[5.125,0.375,5.625,3.75]},"west":{"texture":"#3","tintindex":0,"uv":[4.625,0.125,5.125,0.25]}},"from":[1.5,6.68603,-0.04096],"rotation":{"angle":-45,"axis":"x","origin":[8,7.58603,1.20904]},"to":[14.5,7.43603,1.70904]},{"faces":{"down":{"texture":"#3","tintindex":0,"uv":[4.5,0.25,4.625,3.625]},"north":{"rotation":90,"texture":"#3","tintindex":0,"uv":[5.625,3.75,6.125,0.375]},"south":{"rotation":90,"texture":"#3","tintindex":0,"uv":[5.625,0.375,6.125,3.75]},"up":{"texture":"#3","tintindex":0,"uv":[4.5,0.25,4.625,3.625]}},"from":[1.5,4.04704,0.21428],"rotation":{"angle":0,"axis":"x","origin":[8,5.44704,-0.01072]},"to":[14.5,5.79704,0.96428]},{"faces":{"down":{"rotation":90,"texture":"#3","tintindex":0,"uv":[5.125,0.25,5.625,3.625]},"north":{"texture":"#3","tintindex":0,"uv":[4.5,0.25,4.625,3.625]},"south":{"texture":"#3","tintindex":0,"uv":[4.5,0.25,4.625,3.625]},"up":{"rotation":90,"texture":"#3","tintindex":0,"uv":[5.125,0.25,5.625,3.625]}},"from":[1.5,7.62816,6.87226],"rotation":{"angle":22.5,"axis":"x","origin":[8,7.95316,3.12226]},"to":[14.5,8.37816,8.62226]},{"faces":{"down":{"texture":"#3","tintindex":0,"uv":[4.5,0.25,4.625,3.625]},"north":{"texture":"#3","tintindex":0,"uv":[4.5,0.25,4.625,3.625]},"south":{"texture":"#3","tintindex":0,"uv":[4.5,0.25,4.625,3.625]},"up":{"texture":"#3","tintindex":0,"uv":[4.5,0.25,4.625,3.625]}},"from":[1.5,7.62816,11.02226],"rotation":{"angle":22.5,"axis":"x","origin":[8,7.95316,3.12226]},"to":[14.5,8.12816,12.02226]},{"faces":{"down":{"texture":"#3","tintindex":0,"uv":[4.625,0.625,5,3.75]},"east":{"rotation":90,"texture":"#3","tintindex":0,