{
	"texture_size": [128, 128],
	"textures": {
		"2": "projecteden/decoration/music/music_2"
	},
	"elements": [
		{
			"from": [3.5, 11, 4],
			"to": [12.5, 14, 13],
			"rotation": {"angle": -22.5, "axis": "y", "origin": [8.21548, 7.83333, 8.28452]},
			"faces": {
				"north": {"uv": [11.125, 7.5, 12.25, 7.875], "texture": "#2"},
				"east": {"uv": [11.125, 7.5, 12.25, 7.875], "texture": "#2"},
				"south": {"uv": [11.125, 7.5, 12.25, 7.875], "texture": "#2"},
				"west": {"uv": [11.125, 7.5, 12.25, 7.875], "texture": "#2"},
				"up": {"uv": [11.125, 6.375, 12.25, 7.5], "texture": "#2"},
				"down": {"uv": [11.125, 6.375, 12.25, 7.5], "texture": "#2"}
			}
		},
		{
			"from": [2.26785, 0, 8.28452],
			"to": [13.26785, 11, 8.28452],
			"rotation": {"angle": 22.5, "axis": "y", "origin": [8.21548, 7.83333, 8.28452]},
			"faces": {
				"north": {"uv": [15.5, 8, 14.125, 9.375], "texture": "#2"},
				"south": {"uv": [14.125, 8, 15.5, 9.375], "texture": "#2"}
			}
		},
		{
			"from": [8.61785, 0, 3.45952],
			"to": [8.61785, 11, 14.45952],
			"rotation": {"angle": 45, "axis": "y", "origin": [8.21548, 7.83333, 8.78452]},
			"faces": {
				"east": {"uv": [14.125, 8, 15.5, 9.375], "texture": "#2"},
				"west": {"uv": [15.5, 8, 14.125, 9.375], "texture": "#2"}
			}
		},
		{
			"from": [8.33722, 0, 2.38054],
			"to": [8.33722, 11, 13.38054],
			"rotation": {"angle": -22.5, "axis": "y", "origin": [8.58722, 5.5, 8.13054]},
			"faces": {
				"east": {"uv": [15.5, 8, 14.125, 9.375], "texture": "#2"},
				"west": {"uv": [14.125, 8, 15.5, 9.375], "texture": "#2"}
			}
		}
	],
	"gui_light": "front",
	"display": {
		"thirdperson_righthand": {
			"rotation": [63, 34, 0],
			"translation": [0, 1, -1],
			"scale": [0.37891, 0.37891, 0.37891]
		},
		"thirdperson_lefthand": {
			"rotation": [63, 34, 0],
			"translation": [0, 1, -1],
			"scale": [0.37891, 0.37891, 0.37891]
		},
		"firstperson_righthand": {
			"rotation": [3, 112, -13],
			"translation": [9.5, -2, -5.75],
			"scale": [0.35547, 0.35547, 0.35547]
		},
		"firstperson_lefthand": {
			"rotation": [3, 112, -13],
			"translation": [9.5, -2, -5.75],
			"scale": [0.35547, 0.35547, 0.35547]
		},
		"ground": {
			"translation": [0, 4.25, 0],
			"scale": [0.5, 0.5, 0.5]
		},
		"gui": {
			"rotation": [30, -138, 0],
			"translation": [0, -1.25, 0],
			"scale": [0.65, 0.65, 0.65]
		},
		"head": {
			"translation": [0, 15, 0]
		},
		"fixed": {
			"rotation": [-90, 0, 0],
			"translation": [0, 0, -16],
			"scale": [2, 2, 2]
		}
	},
	"groups": [
		{
			"name": "group",
			"origin": [8.58722, 2.5, 25.13054],
			"color": 0,
			"children": [0, 1, 2, 3]
		}
	]
}