{"display":{"firstperson_lefthand":{"rotation":[3,112,-13],"scale":[0.35547,0.35547,0.35547],"translation":[9.5,-2,-5.75]},"firstperson_righthand":{"rotation":[3,112,-13],"scale":[0.35547,0.35547,0.35547],"translation":[9.5,-2,-5.75]},"fixed":{"rotation":[-90,0,0],"scale":[2,2,2],"translation":[0,0,-16]},"ground":{"scale":[0.5,0.5,0.5],"translation":[0,4.25,0]},"gui":{"rotation":[30,-138,0],"scale":[0.65,0.65,0.65],"translation":[0,-1.25,0]},"head":{"translation":[0,15,0]},"thirdperson_lefthand":{"rotation":[63,34,0],"scale":[0.37891,0.37891,0.37891],"translation":[0,1,-1]},"thirdperson_righthand":{"rotation":[63,34,0],"scale":[0.37891,0.37891,0.37891],"translation":[0,1,-1]}},"elements":[{"faces":{"down":{"texture":"#2","tintindex":0,"uv":[11.125,6.375,12.25,7.5]},"east":{"texture":"#2","tintindex":0,"uv":[11.125,7.5,12.25,7.875]},"north":{"texture":"#2","tintindex":0,"uv":[11.125,7.5,12.25,7.875]},"south":{"texture":"#2","tintindex":0,"uv":[11.125,7.5,12.25,7.875]},"up":{"texture":"#2","tintindex":0,"uv":[11.125,6.375,12.25,7.5]},"west":{"texture":"#2","tintindex":0,"uv":[11.125,7.5,12.25,7.875]}},"from":[3.5,11,4],"name":"dyeable","rotation":{"angle":-22.5,"axis":"y","origin":[8.21548,7.83333,8.28452]},"to":[12.5,14,13]},{"faces":{"north":{"texture":"#2","uv":[15.5,8,14.125,9.375]},"south":{"texture":"#2","uv":[14.125,8,15.5,9.375]}},"from":[2.26785,0,8.28452],"rotation":{"angle":22.5,"axis":"y","origin":[8.21548,7.83333,8.28452]},"to":[13.26785,11,8.28452]},{"faces":{"east":{"texture":"#2","uv":[14.125,8,15.5,9.375]},"west":{"texture":"#2","uv":[15.5,8,14.125,9.375]}},"from":[8.61785,0,3.45952],"rotation":{"angle":45,"axis":"y","origin":[8.21548,7.83333,8.78452]},"to":[8.61785,11,14.45952]},{"faces":{"east":{"texture":"#2","uv":[15.5,8,14.125,9.375]},"west":{"texture":"#2","uv":[14.125,8,15.5,9.375]}},"from":[8.33722,0,2.38054],"rotation":{"angle":-22.5,"axis":"y","origin":[8.58722,5.5,8.13054]},"to":[8.33722,11,13.38054]}],"groups":[{"children":[0,1,2,3],"color":0,"name":"group","origin":[8.58722,2.5,25.13054]}],"gui_light":"front","texture_size":[128,128],"textures":{"2":"projecteden/decoration/music/music_2"}}