{"display":{"firstperson_lefthand":{"rotation":[22,-33,0],"scale":[0.36,0.36,0.36],"translation":[1.75,2,0.25]},"firstperson_righthand":{"rotation":[22,-33,0],"scale":[0.36,0.36,0.36],"translation":[-2.75,2,-3]},"fixed":{"rotation":[-90,180,0],"scale":[2,2,2],"translation":[0,0,-16]},"ground":{"scale":[0.44,0.44,0.44],"translation":[-3.75,4.25,0]},"gui":{"rotation":[18,-43,0],"scale":[0.45,0.45,0.45],"translation":[-2.75,-1.25,0]},"head":{"rotation":[0,180,0]},"thirdperson_lefthand":{"rotation":[-1,90,0],"scale":[0.39,0.39,0.39],"translation":[0,0,-8.25]},"thirdperson_righthand":{"rotation":[-1,90,0],"scale":[0.39,0.39,0.39],"translation":[0,0,-1.75]}},"elements":[{"faces":{"down":{"rotation":180,"texture":"#0","uv":[12,8.625,13.125,9]},"east":{"rotation":90,"texture":"#0","uv":[12,9,12.375,9.375]},"north":{"texture":"#0","uv":[13.125,8.25,12,8.625]},"south":{"texture":"#0","uv":[12,8.625,13.125,9]},"up":{"texture":"#0","uv":[12,8.25,13.125,8.625]},"west":{"texture":"#0","uv":[12,9,12.375,9.375]}},"from":[21.23864,19,2.7031],"rotation":{"angle":-45,"axis":"y","origin":[24.84672,19,4.4777]},"to":[30.23864,22,5.7031]},{"faces":{"down":{"rotation":90,"texture":"#0","uv":[11.125,7.875,12.25,8.25]},"east":{"texture":"#0","uv":[12.25,7.875,11.125,8.25]},"north":{"texture":"#0","uv":[12,9,12.375,9.375]},"south":{"rotation":90,"texture":"#0","uv":[12,9,12.375,9.375]},"up":{"rotation":90,"texture":"#0","uv":[11.125,7.875,12.25,8.25]},"west":{"texture":"#0","uv":[11.125,7.875,12.25,8.25]}},"from":[21,16,0],"rotation":{"angle":0,"axis":"y","origin":[24.84672,19,4.4777]},"to":[24,19,9]},{"faces":{"down":{"rotation":90,"texture":"#0","uv":[11.125,7.875,12.25,8.25]},"east":{"texture":"#0","uv":[12.25,7.875,11.125,8.25]},"north":{"texture":"#0","uv":[12,9,12.375,9.375]},"south":{"rotation":90,"texture":"#0","uv":[12,9,12.375,9.375]},"up":{"rotation":90,"texture":"#0","uv":[11.125,7.875,12.25,8.25]},"west":{"texture":"#0","uv":[11.125,7.875,12.25,8.25]}},"from":[25.34776,16,-1.32363],"rotation":{"angle":-22.5,"axis":"y","origin":[24.84672,19,4.4777]},"to":[28.34776,19,7.67637]},{"faces":{"down":{"rotation":180,"texture":"#0","uv":[13.875,13.875,14.75,14.8775]},"east":{"texture":"#0","uv":[13.875,13.875,14.8775,15.5]},"north":{"texture":"#0","uv":[15.75,13.875,14.875,15.5]},"south":{"texture":"#0","uv":[10.25,7.625,11.125,9.25]},"up":{"texture":"#0","uv":[11.125,8.625,12,9.6275]},"west":{"texture":"#0","uv":[13.875,13.875,14.8775,15.5]}},"from":[20,3.02,8.01],"to":[27,16.02,16.03]},{"faces":{"down":{"rotation":180,"texture":"#0","uv":[13.875,13.875,15.625,15.8775]},"east":{"texture":"#0","uv":[13.875,13.875,15.8775,15.5]},"north":{"texture":"#0","uv":[10.25,10,8.5,11.625]},"south":{"texture":"#0","uv":[8.5,10,10.25,11.625]},"up":{"texture":"#0","uv":[10.25,9.625,12,11.6275]},"west":{"texture":"#0","uv":[13.875,13.875,15.8775,15.5]}},"from":[5,3.01,-0.01],"to":[19,16.01,16.01]},{"faces":{"down":{"rotation":180,"texture":"#0","uv":[3.125,0,5.125,2]},"east":{"rotation":90,"texture":"#0","uv":[4.625,0,5.125,2]},"north":{"texture":"#0","uv":[5.125,0,3.125,0.5]},"south":{"texture":"#0","uv":[3.125,0,5.125,0.5]},"up":{"texture":"#0","uv":[3.125,0,5.125,2]},"west":{"texture":"#0","uv":[3.125,0,5.125,0.5]}},"from":[16,12,0],"to":[32,16,16]},{"faces":{"down":{"texture":"#0","uv":[7.25,0,7.875,0.5]},"east":{"texture":"#0","uv":[7.25,0,7.75,0.375]},"north":{"texture":"#0","uv":[7.25,0,7.875,0.375]},"south":{"texture":"#0","uv":[7.25,0,7.875,0.375]},"up":{"texture":"#0","uv":[7.25,0,7.875,0.5]},"west":{"texture":"#0","uv":[7.25,0,7.75,0.375]}},"from":[26,9,1],"to":[31,12,5]},{"faces":{"down":{"texture":"#0","uv":[7.125,0,7.375,2]},"east":{"texture":"#0","uv":[7.125,0,9.125,0.25]},"north":{"texture":"#0","uv":[7.125,0,7.375,0.25]},"south":{"texture":"#0","uv":[7.125,0,7.375,0.25]},"up":{"texture":"#0","uv":[7.125,0,7.375,2]},"west":{"texture":"#0","uv":[7.125,0,9.125,0.25]}},"from":[28,13,-1],"to":[30,15,17]},{"faces":{"down":{"texture":"#0","uv":[7.25,0,7.75,0.5]},"east":{"texture":"#0","uv":[7.25,0,7.75,0.375]},"north":{"texture":"#0","uv":[7.25,0,7.75,0.375]},"south":{"texture":"#0","uv":[7.25,0,7.75,0.375]},"up":{"texture":"#0","uv":[7.25,0,7.75,0.5]},"west":{"texture":"#0","uv":[7.25,0,7.75,0.375]}},"from":[27,0,1],"to":[31,3,5]},{"faces":{"down":{"texture":"#0","uv":[7.25,0,7.75,0.5]},"east":{"texture":"#0","uv":[7.25,0,7.75,0.375]},"north":{"texture":"#0","uv":[7.25,0,7.75,0.375]},"south":{"texture":"#0","uv":[7.25,0,7.75,0.375]},"up":{"texture":"#0","uv":[7.25,0,7.75,0.5]},"west":{"texture":"#0","uv":[7.25,0,7.75,0.375]}},"from":[27,0,11],"to":[31,3,15]},{"faces":{"down":{"rotation":90,"texture":"#0","uv":[2.625,5.375,3.375,5.625]},"east":{"texture":"#0","uv":[2.625,5.125,3.375,5.5]},"north":{"texture":"#0","uv":[1.125,2,1.375,2.375]},"south":{"texture":"#0","uv":[1.125,2,1.375,2.375]},"up":{"rotation":90,"texture":"#0","uv":[2.625,5.125,3.375,5.375]},"west":{"texture":"#0","uv":[2.625,5.125,3.375,5.5]}},"from":[27.5,5,5],"to":[29.5,8,11]},{"faces":{"down":{"texture":"#0","uv":[7.25,0,7.875,0.5]},"east":{"texture":"#0","uv":[7.25,0,7.75,0.375]},"north":{"texture":"#0","uv":[7.25,0,7.875,0.375]},"south":{"texture":"#0","uv":[7.25,0,7.875,0.375]},"up":{"texture":"#0","uv":[7.25,0,7.875,0.5]},"west":{"texture":"#0","uv":[7.25,0,7.75,0.375]}},"from":[26,9,11],"to":[31,12,15]},{"faces":{"down":{"texture":"#0","uv":[2.625,5.125,3,5.5]},"east":{"rotation":90,"texture":"#0","uv":[2.625,5.125,3.375,5.5]},"north":{"rotation":90,"texture":"#0","uv":[3,5.625,3.75,6]},"south":{"rotation":90,"texture":"#0","uv":[2.625,6.125,3.375,6.5]},"up":{"texture":"#0","uv":[2.625,5.125,3,5.5]},"west":{"rotation":90,"texture":"#0","uv":[2.125,5.625,2.875,6]}},"from":[27,3,11],"to":[30,9,14]},{"faces":{"down":{"texture":"#0","uv":[2.625,5.125,3,5.5]},"east":{"rotation":90,"texture":"#0","uv":[2.625,5.125,3.375,5.5]},"north":{"rotation":90,"texture":"#0","uv":[3,5.625,3.75,6]},"south":{"rotation":90,"texture":"#0","uv":[2.625,6.125,3.375,6.5]},"up":{"texture":"#0","uv":[2.625,5.125,3,5.5]},"west":{"rotation":90,"texture":"#0","uv":[2.125,5.625,2.875,6]}},"from":[27,3,2],"to":[30,9,5]},{"faces":{"down":{"texture":"#0","uv":[7.25,0,7.75,0.5]},"east":{"texture":"#0","uv":[7.25,0,7.75,0.375]},"north":{"texture":"#0","uv":[7.25,0,7.75,0.375]},"south":{"texture":"#0","uv":[7.25,0,7.75,0.375]},"up":{"texture":"#0","uv":[7.25,0,7.75,0.5]},"west":{"texture":"#0","uv":[7.25,0,7.75,0.375]}},"from":[1,0,1],"to":[5,3,5]},{"faces":{"down":{"texture":"#0","uv":[2.625,5.125,3,5.5]},"east":{"rotation":90,"texture":"#0","uv":[2.625,5.125,3.375,5.5]},"north":{"rotation":90,"texture":"#0","uv":[3,5.625,3.75,6]},"south":{"rotation":90,"texture":"#0","uv":[2.625,6.125,3.375,6.5]},"up":{"texture":"#0","uv":[2.625,5.125,3,5.5]},"west":{"rotation":90,"texture":"#0","uv":[2.125,5.625,2.875,6]}},"from":[2,3,2],"to":[5,9,5]},{"faces":{"down":{"texture":"#0","uv":[2.625,5.125,3,5.5]},"east":{"rotation":90,"texture":"#0","uv":[2.625,5.125,3.375,5.5]},"north":{"rotation":90,"texture":"#0","uv":[3,5.625,3.75,6]},"south":{"rotation":90,"texture":"#0","uv":[2.625,6.125,3.375,6.5]},"up":{"texture":"#0","uv":[2.625,5.125,3,5.5]},"west":{"rotation":90,"texture":"#0","uv":[2.125,5.625,2.875,6]}},"from":[2,3,11],"to":[5,9,14]},{"faces":{"down":{"texture":"#0","uv":[7.25,0,7.875,0.5]},"east":{"texture":"#0","uv":[7.25,0,7.75,0.375]},"north":{"texture":"#0","uv":[7.25,0,7.875,0.375]},"south":{"texture":"#0","uv":[7.25,0,7.875,0.375]},"up":{"texture":"#0","uv":[7.25,0,7.875,0.5]},"west":{"texture":"#0","uv":[7.25,0,7.75,0.375]}},"from":[1,9,1],"to":[6,12,5]},{"faces":{"down":{"rotation":180,"texture":"#0","uv":[3.125,0,5.125,2]},"east":{"texture":"#0","uv":[3.125,0,5.125,0.5]},"north":{"texture":"#0","uv":[3.125,0,5.125,0.5]},"south":{"texture":"#0","uv":[5.125,0,3.125,0.5]},"up":{"texture":"#0","uv":[3.125,0,5.125,2]},"west":{"rotation":90,"texture":"#0","uv":[4.625,2,5.125,0]}},"from":[0,12,0],